scenario_id,scenario_name,run_id,status,start_time,end_time
1,Login Test,1001,SUCCESS,2026-09-29 09:00:00,2026-09-29 09:02:30
1,Login Test,1002,SUCCESS,2026-09-29 10:00:00,2026-09-29 10:01:45
1,Login Test,1003,FAILED,2026-09-29 11:00:00,2026-09-29 11:04:20
1,Login Test,1004,SUCCESS,2026-09-29 12:00:00,2026-09-29 12:01:55
1,Login Test,1005,SUCCESS,2026-09-29 13:00:00,2026-09-29 13:02:10
1,Login Test,1006,SUCCESS,2026-09-29 14:00:00,2026-09-29 14:01:30
1,Login Test,1007,FAILED,2026-09-29 15:00:00,2026-09-29 15:05:45
1,Login Test,1008,SUCCESS,2026-09-29 16:00:00,2026-09-29 16:02:00
2,Payment Test,2001,SUCCESS,2026-09-29 09:30:00,2026-09-29 09:35:00
2,Payment Test,2002,FAILED,2026-09-29 10:30:00,2026-09-29 10:38:10
2,Payment Test,2003,SUCCESS,2026-09-29 11:30:00,2026-09-29 11:34:30
2,Payment Test,2004,FAILED,2026-09-29 12:30:00,2026-09-29 12:41:20
2,Payment Test,2005,FAILED,2026-09-29 13:30:00,2026-09-29 13:39:50
2,Payment Test,2006,SUCCESS,2026-09-29 14:30:00,2026-09-29 14:36:15
2,Payment Test,2007,FAILED,2026-09-29 15:30:00,2026-09-29 15:44:00
2,Payment Test,2008,SUCCESS,2026-09-29 16:30:00,2026-09-29 16:35:45
2,Payment Test,2009,SUCCESS,2026-09-29 17:30:00,2026-09-29 17:34:20
2,Payment Test,2010,FAILED,2026-09-29 18:30:00,2026-09-29 18:42:30
3,Search Test,3001,SUCCESS,2026-09-29 12:00:00,2026-09-29 12:01:20
3,Search Test,3002,SUCCESS,2026-09-29 13:00:00,2026-09-29 13:02:00
3,Search Test,3003,SUCCESS,2026-09-29 14:00:00,2026-09-29 14:01:10
3,Search Test,3004,SUCCESS,2026-09-29 15:00:00,2026-09-29 15:01:45
3,Search Test,3005,FAILED,2026-09-29 16:00:00,2026-09-29 16:03:30
3,Search Test,3006,SUCCESS,2026-09-29 17:00:00,2026-09-29 17:01:25
4,Checkout Flow,4001,SUCCESS,2026-09-30 08:00:00,2026-09-30 08:07:30
4,Checkout Flow,4002,SUCCESS,2026-09-30 09:00:00,2026-09-30 09:06:45
4,Checkout Flow,4003,FAILED,2026-09-30 10:00:00,2026-09-30 10:12:20
4,Checkout Flow,4004,SUCCESS,2026-09-30 11:00:00,2026-09-30 11:08:10
4,Checkout Flow,4005,SUCCESS,2026-09-30 12:00:00,2026-09-30 12:07:55
4,Checkout Flow,4006,FAILED,2026-09-30 13:00:00,2026-09-30 13:15:40
4,Checkout Flow,4007,SUCCESS,2026-09-30 14:00:00,2026-09-30 14:09:00
5,User Registration,5001,SUCCESS,2026-09-30 08:30:00,2026-09-30 08:33:20
5,User Registration,5002,SUCCESS,2026-09-30 09:30:00,2026-09-30 09:32:50
5,User Registration,5003,SUCCESS,2026-09-30 10:30:00,2026-09-30 10:34:10
5,User Registration,5004,SUCCESS,2026-09-30 11:30:00,2026-09-30 11:33:45
5,User Registration,5005,FAILED,2026-09-30 12:30:00,2026-09-30 12:36:20
5,User Registration,5006,SUCCESS,2026-09-30 13:30:00,2026-09-30 13:33:00
5,User Registration,5007,SUCCESS,2026-09-30 14:30:00,2026-09-30 14:32:40
5,User Registration,5008,SUCCESS,2026-09-30 15:30:00,2026-09-30 15:34:05
5,User Registration,5009,SUCCESS,2026-09-30 16:30:00,2026-09-30 16:33:30
6,Password Reset,6001,FAILED,2026-09-30 09:00:00,2026-09-30 09:08:45
6,Password Reset,6002,FAILED,2026-09-30 10:00:00,2026-09-30 10:09:30
6,Password Reset,6003,SUCCESS,2026-09-30 11:00:00,2026-09-30 11:04:20
6,Password Reset,6004,FAILED,2026-09-30 12:00:00,2026-09-30 12:11:10
6,Password Reset,6005,FAILED,2026-09-30 13:00:00,2026-09-30 13:07:55
6,Password Reset,6006,SUCCESS,2026-09-30 14:00:00,2026-09-30 14:05:30
6,Password Reset,6007,FAILED,2026-09-30 15:00:00,2026-09-30 15:10:20
7,Product Catalog,7001,SUCCESS,2026-10-01 08:00:00,2026-10-01 08:00:55
7,Product Catalog,7002,SUCCESS,2026-10-01 09:00:00,2026-10-01 09:01:10
7,Product Catalog,7003,SUCCESS,2026-10-01 10:00:00,2026-10-01 10:00:48
7,Product Catalog,7004,SUCCESS,2026-10-01 11:00:00,2026-10-01 11:01:05
7,Product Catalog,7005,SUCCESS,2026-10-01 12:00:00,2026-10-01 12:00:52
7,Product Catalog,7006,SUCCESS,2026-10-01 13:00:00,2026-10-01 13:01:20
7,Product Catalog,7007,SUCCESS,2026-10-01 14:00:00,2026-10-01 14:00:45
7,Product Catalog,7008,FAILED,2026-10-01 15:00:00,2026-10-01 15:02:30
7,Product Catalog,7009,SUCCESS,2026-10-01 16:00:00,2026-10-01 16:01:00
7,Product Catalog,7010,SUCCESS,2026-10-01 17:00:00,2026-10-01 17:00:58
8,Order History,8001,SUCCESS,2026-10-01 08:15:00,2026-10-01 08:17:40
8,Order History,8002,FAILED,2026-10-01 09:15:00,2026-10-01 09:22:10
8,Order History,8003,SUCCESS,2026-10-01 10:15:00,2026-10-01 10:18:05
8,Order History,8004,SUCCESS,2026-10-01 11:15:00,2026-10-01 11:17:50
8,Order History,8005,FAILED,2026-10-01 12:15:00,2026-10-01 12:24:30
8,Order History,8006,SUCCESS,2026-10-01 13:15:00,2026-10-01 13:18:20
8,Order History,8007,SUCCESS,2026-10-01 14:15:00,2026-10-01 14:17:10
8,Order History,8008,FAILED,2026-10-01 15:15:00,2026-10-01 15:23:45
